Circolo,Tess_2022,Tess_2025,TrendPct,Attivo,Regione,EtaMedia,GareMedie,RiskScore,LivelioRischio
A. VOLTA,59.0,59.0,0.0,True,LOM,81.9322033898305,32.76271186440678,2,BASSO
A.BERGAMASCA BR.LORETO,75.0,80.0,6.666666666666667,True,LOM,70.0,51.9375,0,BASSO
A.BR.NINO MARCON VE,62.0,88.0,41.935483870967744,True,VEN,76.375,94.6590909090909,2,BASSO
A.S.D. SPORTING CLUB MILANO  2,53.0,48.0,-9.433962264150944,True,LOM,83.0625,62.895833333333336,2,BASSO
ACCADEMIA DEL BRIDGE,114.0,58.0,-49.122807017543856,True,LAZ,72.74137931034483,71.94827586206897,3,MEDIO
AGORA' ASD BRIDGE CLUB,179.0,124.0,-30.726256983240223,True,VEN,73.04838709677419,78.58064516129032,3,MEDIO
ALBA BRIDGE CLUB,322.0,552.0,71.42857142857143,True,LAZ,72.22826086956522,35.81884057971015,1,BASSO
ALESSANDRIA BRIDGE,72.0,74.0,2.7777777777777777,True,PIE,67.4054054054054,37.83783783783784,0,BASSO
ALPI APUANE BRIDGE,18.0,35.0,94.44444444444444,True,LIG,72.37142857142857,28.114285714285714,1,BASSO
AMICI BRIDGE ABRUZZO,10.0,14.0,40.0,True,ABR,72.5,47.07142857142857,3,MEDIO
AMICI BRIDGE OLGIATA,9.0,35.0,288.88888888888886,True,LAZ,78.65714285714286,41.34285714285714,2,BASSO
ANGOLO VERDE PG,23.0,32.0,39.130434782608695,True,UMB,69.0,44.21875,0,BASSO
ANKON BRIDGE ANCONA,83.0,76.0,-8.433734939759036,True,MAR,74.48684210526316,42.78947368421053,1,BASSO
ANTICO TIRO A VOLO - BR. A.S.D,56.0,95.0,69.64285714285714,True,LAZ,76.45263157894736,44.473684210526315,2,BASSO
ANZIO &  NETTUNO BRIDGE CLUB ASD,10.0,2.0,-80.0,True,LAZ,80.0,4.0,10,CRITICO
APD C.LO CANOTTIERI ROMA,5.0,25.0,400.0,True,LAZ,69.96,27.52,1,BASSO
APSD C.MAGISTRATI C.C.,15.0,43.0,186.66666666666666,True,LAZ,69.04651162790698,19.767441860465116,1,BASSO
ARBAREE BRIDGE,29.0,24.0,-17.24137931034483,True,SAR,69.95833333333333,46.375,2,BASSO
ARCA BRIDGE ASD,182.0,224.0,23.076923076923077,True,LOM,73.28125,33.464285714285715,1,BASSO
ARONA BRIDGE CLUB 50,6.0,21.0,250.0,True,PIE,77.19047619047619,7.9523809523809526,5,ALTO
ASD C.LO BR. PESCARA RIVIERA,57.0,65.0,14.035087719298245,True,ABR,73.78461538461538,43.86153846153846,1,BASSO
ASD C.LO TENNIS PALERMO,29.0,26.0,-10.344827586206897,True,SIC,73.46153846153847,54.15384615384615,3,MEDIO
ASD CANOTTIERI TICINO PAVIA,46.0,57.0,23.91304347826087,True,LOM,67.94736842105263,24.07017543859649,0,BASSO
ASD CIRCOLO BOCCIOFILA LIDO,85.0,41.0,-51.76470588235295,True,LIG,67.65853658536585,70.39024390243902,3,MEDIO
ASD CITTA' DI LECCO,76.0,69.0,-9.210526315789473,True,LOM,74.85507246376811,29.869565217391305,1,BASSO
ASD POLISPORTIVA GRIFONE,43.0,45.0,4.651162790697675,True,TOS,73.37777777777778,37.666666666666664,1,BASSO
ASD SOC GINNASTICA ANGIULLI,22.0,51.0,131.8181818181818,True,PUG,74.6078431372549,28.176470588235293,1,BASSO
ASD SOCIALTENNIS CLUB,7.0,8.0,14.285714285714285,True,CAM,78.375,6.625,7,CRITICO
ASD TENNIS CLUB PADOVA,5.0,6.0,20.0,True,LOM,75.83333333333333,19.333333333333332,6,ALTO
ASD TENNIS CLUB PARMA,31.0,69.0,122.58064516129032,True,LAZ,79.3768115942029,63.6231884057971,2,BASSO
ASS.BR.PALERMO,79.0,125.0,58.22784810126582,True,SIC,70.688,88.64,1,BASSO
ASS.BRIDGE PISA,34.0,83.0,144.11764705882354,True,TOS,69.32530120481928,38.59036144578313,0,BASSO
ASS.RIMINI BRIDGE,99.0,117.0,18.181818181818183,True,EMI,60.30769230769231,30.11111111111111,0,BASSO
ASS.SP.DILETTANTISTICA BRIDGE COSENZA,17.0,27.0,58.82352941176471,True,CAB,74.03703703703704,43.77777777777778,2,BASSO
ASSI NEL MONDO,47.0,42.0,-10.638297872340425,True,LAZ,75.30952380952381,23.761904761904763,3,MEDIO
ASSOCIATO ALLEGRA,5.0,5.0,0.0,True,PIE,66.4,6.8,5,ALTO
ASSOCIAZIONE BRIDGE CREMA,116.0,132.0,13.793103448275861,True,PIE,68.72727272727273,25.318181818181817,0,BASSO
B.RIVIERA PALME S.BENEDETTO T.,13.0,21.0,61.53846153846154,True,MAR,74.19047619047619,45.04761904761905,2,BASSO
BAVENO BRIDGE CLUB,61.0,89.0,45.90163934426229,True,PIE,67.47191011235955,59.157303370786515,0,BASSO
BCM BR.CLUB MERATE,21.0,17.0,-19.047619047619047,True,LOM,64.41176470588235,8.235294117647058,5,ALTO
BERGAMASCA BRIDGE,100.0,107.0,7.000000000000001,True,LOM,67.97196261682242,42.5607476635514,0,BASSO
BR.ASS.COMOCANTUHELIOS,64.0,69.0,7.8125,True,LOM,74.76811594202898,49.47826086956522,1,BASSO
BR.CL.NUOVA CASALE A.S.D.,7.0,21.0,200.0,True,PIE,70.71428571428571,19.61904761904762,3,MEDIO
BR.FERMO-P.TO S.GIORGIO,14.0,8.0,-42.857142857142854,True,MAR,62.75,7.25,7,CRITICO
BR.FILARMONICA MACERATA,24.0,26.0,8.333333333333332,True,MAR,69.23076923076923,20.807692307692307,1,BASSO
BR.G.CABOTO - GAETA,16.0,17.0,6.25,True,LAZ,77.05882352941177,3.764705882352941,6,ALTO
BR.LAVENO MOMBELLO,22.0,18.0,-18.181818181818183,True,LOM,73.38888888888889,51.611111111111114,4,MEDIO
"BR.MODENA ""C.LO PERROUX""",100.0,123.0,23.0,True,EMI,73.90243902439025,37.80487804878049,1,BASSO
BR.MONFORTE CAMPOBASSO,7.0,2.0,-71.42857142857143,True,MOL,73.5,10.5,8,CRITICO
BR.SPORTING CLUB S.SEVERO,15.0,24.0,60.0,True,PUG,68.16666666666667,16.666666666666668,2,BASSO
"BRIDGE ""VILLAGGIO DEL BRIDGE""",17.0,22.0,29.411764705882355,True,CAB,78.0,14.545454545454545,4,MEDIO
BRIDGE ADDAURA ASD,32.0,29.0,-9.375,True,SIC,64.93103448275862,30.103448275862068,1,BASSO
BRIDGE ARCOBALENO,26.0,36.0,38.46153846153847,True,CAM,72.63888888888889,27.305555555555557,1,BASSO
BRIDGE BOLOGNA CENTRO,260.0,208.0,-20.0,True,EMI,71.15865384615384,67.14423076923077,2,BASSO
BRIDGE BOLOGNA RASTIGNANO,94.0,104.0,10.638297872340425,True,EMI,68.64423076923077,51.92307692307692,0,BASSO
BRIDGE BORDIGHERA,93.0,67.0,-27.956989247311824,True,LIG,72.67164179104478,69.6268656716418,2,BASSO
BRIDGE BRENO,28.0,34.0,21.428571428571427,True,LOM,66.27272727272727,20.470588235294116,0,BASSO
BRIDGE BRINDISI,21.0,17.0,-19.047619047619047,True,PUG,73.6470588235294,3.3529411764705883,6,ALTO
BRIDGE CARRARA,37.0,46.0,24.324324324324326,True,TOS,73.30434782608695,54.02173913043478,1,BASSO
BRIDGE CATANZARO,48.0,59.0,22.916666666666664,True,CAB,71.84745762711864,43.54237288135593,1,BASSO
BRIDGE CHIARAVALLE,19.0,27.0,42.10526315789473,True,MAR,71.22222222222223,64.22222222222223,2,BASSO
BRIDGE CHIAVARI,115.0,127.0,10.434782608695652,True,SAR,73.44881889763779,51.00787401574803,1,BASSO
BRIDGE CITTA' DEL TRICOLORE,52.0,37.0,-28.846153846153843,True,EMI,71.54054054054055,44.351351351351354,2,BASSO
BRIDGE CLUB ALASSIO,33.0,28.0,-15.151515151515152,True,LIG,74.64285714285714,74.5,3,MEDIO
BRIDGE CLUB BUSACCHI,4.0,19.0,375.0,True,LIG,56.421052631578945,4.105263157894737,4,MEDIO
BRIDGE CLUB CASERTA ASD,77.0,57.0,-25.97402597402597,True,EMI,68.08771929824562,61.75438596491228,1,BASSO
BRIDGE CLUB DELFINI JONICI,56.0,63.0,12.5,True,PUG,69.58730158730158,31.984126984126984,0,BASSO
BRIDGE CLUB DRUSO,43.0,76.0,76.74418604651163,True,VEN,70.90789473684211,38.276315789473685,1,BASSO
BRIDGE CLUB FORTE DEI MARMI,57.0,50.0,-12.280701754385964,True,TOS,72.14,71.02,2,BASSO
BRIDGE CLUB LA VALLEE  ASD,35.0,34.0,-2.857142857142857,True,VAO,71.11764705882354,52.88235294117647,1,BASSO
BRIDGE CLUB PRATO,74.0,35.0,-52.702702702702695,True,TOS,72.6,28.114285714285714,4,MEDIO
BRIDGE CLUB SANREMO,38.0,49.0,28.947368421052634,True,PUG,67.12244897959184,32.06122448979592,0,BASSO
BRIDGE CLUB SIRACUSA,70.0,83.0,18.571428571428573,True,SIC,70.56626506024097,64.4578313253012,1,BASSO
BRIDGE CLUB TRENTO,57.0,53.0,-7.017543859649122,True,TRT,75.28301886792453,38.264150943396224,2,BASSO
BRIDGE CONVIVIUM,61.0,92.0,50.81967213114754,True,SIC,65.18478260869566,63.98913043478261,0,BASSO
BRIDGE CUSANO MILANINO,49.0,45.0,-8.16326530612245,True,LOM,75.8,44.13333333333333,2,BASSO
BRIDGE EREMITANI ASD,110.0,111.0,0.9090909090909091,True,VEN,74.34234234234235,70.26126126126127,1,BASSO
BRIDGE EXCELSIOR,40.0,36.0,-10.0,True,LOM,81.63888888888889,58.416666666666664,2,BASSO
BRIDGE FALCONARA,59.0,68.0,15.254237288135593,True,MAR,68.8970588235294,21.558823529411764,0,BASSO
BRIDGE FARNESE PIACENZA,71.0,104.0,46.478873239436616,True,EMI,69.375,49.18269230769231,0,BASSO
BRIDGE FOLIGNO,119.0,131.0,10.084033613445378,True,EMI,68.08396946564885,54.38167938931298,0,BASSO
BRIDGE GIARDINI,32.0,29.0,-9.375,True,EMI,79.3103448275862,59.724137931034484,3,MEDIO
BRIDGE ICHNOS,102.0,158.0,54.90196078431373,True,SAR,70.9493670886076,51.24683544303797,1,BASSO
BRIDGE INSTITUTE 2000,225.0,279.0,24.0,True,LOM,74.29390681003584,53.562724014336915,1,BASSO
BRIDGE LA MARTESANA,41.0,47.0,14.634146341463413,True,LOM,78.19148936170212,20.02127659574468,2,BASSO
BRIDGE LECCO,139.0,155.0,11.510791366906476,True,TOS,70.1741935483871,49.61290322580645,1,BASSO
BRIDGE LEGNANO,83.0,88.0,6.024096385542169,True,LOM,71.5909090909091,50.21590909090909,1,BASSO
BRIDGE MESSINA,81.0,94.0,16.049382716049383,True,MAR,69.73404255319149,57.92553191489362,0,BASSO
BRIDGE PARTENOPE,74.0,65.0,-12.162162162162163,True,CAM,71.8,46.92307692307692,2,BASSO
BRIDGE PISTOIA,72.0,69.0,-4.166666666666666,True,TOS,66.95652173913044,43.53623188405797,0,BASSO
BRIDGE REGGIO EMILIA,20.0,20.0,0.0,True,EMI,66.05,50.5,1,BASSO
BRIDGE REGISOLE,7.0,9.0,28.57142857142857,True,LOM,70.11111111111111,11.88888888888889,5,ALTO
BRIDGE RICCIONE,23.0,21.0,-8.695652173913043,True,EMI,70.80952380952381,45.714285714285715,2,BASSO
BRIDGE SAN GIORGIO DEL SANNIO,10.0,13.0,30.0,True,CAM,72.3076923076923,10.846153846153847,4,MEDIO
BRIDGE SAVONA,14.0,13.0,-7.142857142857142,True,LIG,68.0,5.153846153846154,4,MEDIO
BRIDGE SELARGIUS,81.0,115.0,41.9753086419753,True,SAR,69.25217391304348,51.8,0,BASSO
BRIDGE SENIGALLIA,29.0,26.0,-10.344827586206897,True,MAR,71.92307692307692,33.15384615384615,3,MEDIO
BRIDGE SERSANTI DI IMOLA,16.0,42.0,162.5,True,EMI,72.92857142857143,14.142857142857142,2,BASSO
BRIDGE SORRENTO,57.0,84.0,47.368421052631575,True,UMB,73.71428571428571,27.273809523809526,1,BASSO
BRIDGE TERME A.S.D.,25.0,32.0,28.000000000000004,True,VEN,81.21875,43.40625,2,BASSO
BRIDGE TIME ASD,29.0,18.0,-37.93103448275862,True,LIG,74.44444444444444,19.38888888888889,6,ALTO
BRIDGE VALDELSA SIENA NORD,5.0,31.0,520.0,True,TOS,78.64516129032258,34.74193548387097,2,BASSO
BRIDGE VARESE,111.0,96.0,-13.513513513513514,True,LOM,71.15625,53.979166666666664,2,BASSO
BRIDGE VITERBO,30.0,20.0,-33.33333333333333,True,LAZ,74.0,13.05,5,ALTO
BRIDGE.CSC BARBERIS,7.0,96.0,1271.4285714285713,True,PIE,70.39583333333333,59.8125,1,BASSO
C.BR.S.DONA' DI PIAVE,11.0,13.0,18.181818181818183,True,VEN,73.76923076923077,22.307692307692307,3,MEDIO
C.C.ANIENE ASD,6.0,3.0,-50.0,True,LAZ,75.66666666666667,2.3333333333333335,9,CRITICO
C.CAN.ROGGERO DI LAURIA ASD,35.0,26.0,-25.71428571428571,True,SIC,79.92307692307692,47.88461538461539,4,MEDIO
C.DEL BRIDGE TRIESTE - ASD,90.0,140.0,55.55555555555556,True,FRI,75.27857142857142,54.24285714285714,2,BASSO
C.LO BIELLESE BRIDGE,53.0,81.0,52.83018867924528,True,PIE,71.0,51.0,1,BASSO
C.LO BR.CITTA' DI UD,37.0,61.0,64.86486486486487,True,FRI,67.91803278688525,19.688524590163933,1,BASSO
C.LO BRIDGE MESTRE,97.0,112.0,15.463917525773196,True,VEN,73.91964285714286,57.142857142857146,1,BASSO
C.LO BRIDGE NOVARA,65.0,74.0,13.846153846153847,True,PIE,63.689189189189186,32.351351351351354,0,BASSO
C.LO BRIDGE SALERNO,39.0,48.0,23.076923076923077,True,CAM,71.6875,38.229166666666664,1,BASSO
C.LO CANOTTIERI NAPOLI A.S.D.,9.0,25.0,177.77777777777777,True,CAM,72.96,27.36,2,BASSO
C.LO CITTADINO VERONA BRIDGE,72.0,54.0,-25.0,True,VEN,72.33333333333333,38.72222222222222,2,BASSO
"C.LO DEL BRIDGE FI ""CAMILLO PABIS TICCI""",133.0,131.0,-1.5037593984962405,True,TOS,68.56488549618321,36.83206106870229,0,BASSO
C.LO DEL BRIDGE MONOPOLI,20.0,43.0,114.99999999999999,True,PUG,66.74418604651163,24.046511627906977,0,BASSO
C.LO DEL BRIDGE VENEZIA,74.0,72.0,-2.7027027027027026,True,VEN,73.83333333333333,59.208333333333336,1,BASSO
C.LO DELLA STAMPA-SPORTING APS - ASD,14.0,14.0,0.0,True,PIE,80.5,35.785714285714285,4,MEDIO
C.M.M. N.S.TRIESTE,10.0,13.0,30.0,True,FRI,69.3076923076923,30.153846153846153,2,BASSO
C.PALERMITANO B.ENZO RIOLO ASD,16.0,12.0,-25.0,True,SIC,70.58333333333333,42.833333333333336,4,MEDIO
C.TENNIS E DELLA VELA ASD,44.0,57.0,29.545454545454547,True,SIC,73.0,76.98245614035088,1,BASSO
CASTELVECCHIO VERONA,18.0,28.0,55.55555555555556,True,VEN,77.21428571428571,23.107142857142858,3,MEDIO
CENTOBUCHI BRIDGE,36.0,44.0,22.22222222222222,True,MAR,41.59090909090909,31.022727272727273,0,BASSO
CIRCOLO 1871 CATANZARO,37.0,25.0,-32.432432432432435,True,CAB,73.16,37.04,4,MEDIO
CIRCOLO BELLUNO BRIDGE,15.0,13.0,-13.333333333333334,True,VEN,68.23076923076923,9.0,5,ALTO
CIRCOLO BRIDGE 2000,61.0,66.0,8.19672131147541,True,LOM,71.83333333333333,35.303030303030305,1,BASSO
CIRCOLO BRIDGE ARCO,106.0,112.0,5.660377358490567,True,PUG,69.5,31.1875,0,BASSO
CIRCOLO BRIDGE CAGLI,64.0,68.0,6.25,True,MAR,68.17647058823529,39.838235294117645,0,BASSO
CIRCOLO BRIDGE CARLO STAMPA SASSUOLO,25.0,35.0,40.0,True,EMI,66.65714285714286,15.028571428571428,1,BASSO
CIRCOLO BRIDGE CATANIA,159.0,157.0,-1.257861635220126,True,LAZ,68.48407643312102,69.40764331210191,0,BASSO
CIRCOLO BRIDGE ORISTANO - SOMS,33.0,32.0,-3.0303030303030303,True,SAR,71.03125,43.71875,1,BASSO
"CIRCOLO DEL  BRIDGE ""N.DITTO""",47.0,69.0,46.808510638297875,True,CAB,65.91304347826087,46.42028985507246,0,BASSO
CIRCOLO DELLA VELA ASD,29.0,28.0,-3.4482758620689653,True,MAR,79.21428571428571,56.25,3,MEDIO
CIRCOLO TENNIS BARI ASD,81.0,97.0,19.753086419753085,True,LAZ,76.42268041237114,32.79381443298969,2,BASSO
CIRCOLO TEVERE BRIDGE A.S.D.,155.0,165.0,6.451612903225806,True,LAZ,63.64242424242424,38.90909090909091,0,BASSO
CIRCOLO VALET DI FIORI FR,18.0,1.0,-94.44444444444444,True,LAZ,81.0,42.0,8,CRITICO
CLUB 90 LAVENO,8.0,7.0,-12.5,True,LOM,74.14285714285714,24.142857142857142,5,ALTO
CLUB DI B.CONEGLIANO ASD,21.0,22.0,4.761904761904762,True,VEN,70.31818181818181,7.0,4,MEDIO
CUP TREVISO BRIDGE,45.0,57.0,26.666666666666668,True,VEN,72.70175438596492,17.333333333333332,2,BASSO
DOMUS NAONIS-ROBERTO RICCIO A.S.D.,33.0,32.0,-3.0303030303030303,True,FRI,76.8125,57.0,2,BASSO
DUE FIORI BRIDGE,33.0,18.0,-45.45454545454545,True,CAM,65.88888888888889,43.55555555555556,4,MEDIO
E.T.D.SECONDARIO,30.0,27.0,-10.0,True,   ,78.5925925925926,19.88888888888889,4,MEDIO
EQUILIUM VENEZIA ASD,26.0,22.0,-15.384615384615385,True,VEN,68.95454545454545,27.772727272727273,2,BASSO
ESTE BRIDGE,145.0,32.0,-77.93103448275862,True,VEN,77.5625,27.5625,5,ALTO
ETNA BRIDGE ASD,210.0,352.0,67.61904761904762,True,TOS,68.70454545454545,46.8125,0,BASSO
FANFULLA BRIDGE,10.0,8.0,-20.0,True,LOM,73.5,46.0,5,ALTO
FANTONI VACATIONS S.S.D. A R.L,47.0,42.0,-10.638297872340425,True,LAZ,78.64285714285714,21.5,3,MEDIO
FERRARA  BRIDGE E BURRACO,48.0,63.0,31.25,True,EMI,69.28571428571429,21.873015873015873,0,BASSO
FIORANELLO GOLF CLUB SSD A R.L.,36.0,34.0,-5.555555555555555,True,LAZ,79.17647058823529,53.55882352941177,2,BASSO
FLEGREA BRIDGE,7.0,24.0,242.85714285714283,True,CAM,75.58333333333333,71.54166666666667,3,MEDIO
FRIGIERI CLAUDIO,13.0,1.0,-92.3076923076923,True,LAZ,86.0,1.0,10,CRITICO
G.B.R.L.BARBERA,29.0,25.0,-13.793103448275861,True,CAB,64.44,42.72,2,BASSO
GLI AMICI,22.0,33.0,50.0,True,TOS,68.33333333333333,19.272727272727273,1,BASSO
GS.ROVERETO BRIDGE,45.0,50.0,11.11111111111111,True,TRT,75.64,20.8,2,BASSO
HELVIA CLUANA,26.0,36.0,38.46153846153847,True,MAR,72.86111111111111,26.13888888888889,1,BASSO
HOLIDAY BRIDGE,26.0,36.0,38.46153846153847,True,LAZ,77.08333333333333,27.72222222222222,2,BASSO
"ICS ""S. PERTINI"" - MARTINSICURO",2.0,2.0,0.0,True,ABR,11.0,3.0,5,ALTO
IDEA BRIDGE TORINO,343.0,397.0,15.743440233236154,True,PIE,69.41813602015114,52.20906801007557,0,BASSO
IL CIRCOLO DI BOLOGNA ASD,31.0,39.0,25.806451612903224,True,EMI,67.8974358974359,50.94871794871795,0,BASSO
IL CLUBINO BRIDGE NAPOLI,61.0,68.0,11.475409836065573,True,CAM,69.52941176470588,38.85294117647059,0,BASSO
INCONTRI DI BRIDGE,45.0,36.0,-20.0,True,LAZ,80.77777777777777,11.13888888888889,4,MEDIO
ITALTUSCOLO BRIDGE A.S.D.,83.0,30.0,-63.85542168674698,True,LAZ,79.33333333333333,59.1,5,ALTO
JUNIOR BRIDGE CLUB PERUGIA,70.0,68.0,-2.857142857142857,True,UMB,77.01470588235294,57.4264705882353,2,BASSO
LA SEQUOIA SCSD,16.0,12.0,-25.0,True,CAM,62.833333333333336,63.5,3,MEDIO
LE 9 DAME,32.0,36.0,12.5,True,TOS,67.75,35.083333333333336,0,BASSO
LIBURNA BRIDGE,118.0,81.0,-31.35593220338983,True,LIG,69.48148148148148,38.39506172839506,2,BASSO
LIVORNO STANZE CIVICHE,105.0,147.0,40.0,True,TOS,72.41496598639456,64.64625850340136,1,BASSO
LUCANIA BRIDGE,37.0,34.0,-8.108108108108109,True,BAS,66.02941176470588,13.647058823529411,1,BASSO
M. AMMENDOLIA ASD,50.0,30.0,-40.0,True,SIC,78.06666666666666,77.96666666666667,4,MEDIO
MINCIO BRIDGE,30.0,20.0,-33.33333333333333,True,LOM,75.45,31.8,5,ALTO
MONDELLO BRIDGE ASD,65.0,63.0,-3.076923076923077,True,SIC,70.41269841269842,49.41269841269841,1,BASSO
MONTECATINI TERME BRIDGE,37.0,39.0,5.405405405405405,True,TOS,65.92307692307692,37.56410256410256,0,BASSO
MONZA BRIDGE,156.0,172.0,10.256410256410255,True,LOM,66.30813953488372,47.08720930232558,0,BASSO
MOTO CLUB MILANO SSD A RL,79.0,175.0,121.51898734177216,True,LOM,72.2,49.08,1,BASSO
NEAPOLIS BRIDGE,113.0,111.0,-1.7699115044247788,True,TOS,70.22522522522523,33.98198198198198,1,BASSO
OLGIATA GOLF CLUB A.D.,37.0,53.0,43.24324324324324,True,LAZ,74.16981132075472,71.35849056603773,1,BASSO
OPEN BEACH MILANO SSD A RL,74.0,52.0,-29.72972972972973,True,LOM,74.25,32.96153846153846,2,BASSO
PALLADIO BRIDGE,55.0,50.0,-9.090909090909092,True,VEN,61.48,24.62,0,BASSO
PERUGIA BRIDGE,37.0,24.0,-35.13513513513514,True,UMB,64.875,19.916666666666668,4,MEDIO
PESCARA BRIDGE,61.0,92.0,50.81967213114754,True,ABR,70.53260869565217,41.27173913043478,1,BASSO
PIACEREBRIDGE,20.0,8.0,-60.0,True,FRI,82.125,10.25,9,CRITICO
PICCOLO SLAM,56.0,62.0,10.714285714285714,True,VEN,80.62903225806451,50.16129032258065,2,BASSO
PLANET BRIDGE,20.0,34.0,70.0,True,LOM,72.23529411764706,42.55882352941177,1,BASSO
POGGIO BRIDGE,36.0,31.0,-13.88888888888889,True,SAR,67.19354838709677,48.806451612903224,1,BASSO
PROVINCIA GRANDA,11.0,8.0,-27.27272727272727,True,PIE,71.125,22.5,5,ALTO
QUARTU S.ELENA BR.,68.0,74.0,8.823529411764707,True,SAR,75.33783783783784,70.52702702702703,2,BASSO
QUELLI CHE IL BRIDGE ...,24.0,23.0,-4.166666666666666,True,LOM,64.34782608695652,39.73913043478261,1,BASSO
RAVENNA BRIDGE,70.0,108.0,54.285714285714285,True,EMI,65.64814814814815,44.72222222222222,0,BASSO
REALE C.LO CANOTTIERI TEVERE REMO ASD,3.0,29.0,866.6666666666666,True,LAZ,72.96551724137932,44.172413793103445,2,BASSO
REALEBRIDGE,168.0,302.0,79.76190476190477,True,LAZ,70.73178807947019,47.99337748344371,1,BASSO
RECANATI BRIDGE,42.0,43.0,2.380952380952381,True,MAR,67.4186046511628,33.16279069767442,0,BASSO
RESEGONE BRIDGE LECCO,3.0,1.0,-66.66666666666666,True,LOM,60.0,49.0,6,ALTO
ROSSINI BR.PESARO,66.0,98.0,48.484848484848484,True,MAR,69.71428571428571,43.92857142857143,0,BASSO
SOC.CANOTTIERI MILANO,133.0,110.0,-17.293233082706767,True,LOM,72.63636363636364,23.60909090909091,2,BASSO
SPORT CLUB  DIL. RAPID,106.0,146.0,37.735849056603776,True,EMI,67.56164383561644,63.56164383561644,0,BASSO
SS LAZIO BRIDGE,13.0,3.0,-76.92307692307693,True,LAZ,46.666666666666664,62.333333333333336,6,ALTO
STELLIN NELDA,3.0,2.0,-33.33333333333333,True,VEN,84.0,4.0,9,CRITICO
TARANTO BRIDGE ASD,18.0,21.0,16.666666666666664,True,ABR,69.0952380952381,22.19047619047619,1,BASSO
TENNIS CLUB GENOVA 1893 ASD,51.0,104.0,103.921568627451,True,LIG,71.17307692307692,34.42307692307692,1,BASSO
TOP ONE,15.0,18.0,20.0,True,PIE,60.388888888888886,40.94444444444444,2,BASSO
UNIVERSITA' DEL BRIDGE,28.0,52.0,85.71428571428571,True,LAZ,64.23076923076923,24.903846153846153,0,BASSO
VERSILIA BRIDGE AND GAMES,8.0,13.0,62.5,True,TOS,76.58333333333333,19.692307692307693,5,ALTO
VIAREGGIO VERSILIA BR. A.S.D.,75.0,58.0,-22.666666666666664,True,TOS,68.96551724137932,57.03448275862069,1,BASSO
VITTORIO VENETO,10.0,21.0,110.00000000000001,True,VEN,76.9047619047619,7.523809523809524,5,ALTO
